{
    "eval_loss": 0.41021642088890076,
    "eval_accuracy": 0.8764705882352941,
    "eval_precision": 0.8615793714746173,
    "eval_recall": 0.8764705882352941,
    "eval_f1": 0.8583823529411765,
    "eval_auc": 0.8796288087332863,
    "eval_runtime": 1.4685,
    "eval_samples_per_second": 115.766,
    "eval_steps_per_second": 14.981,
    "epoch": 3.0
}